Rank,Movie Title,Worldwide Gross,Domestic Gross,Overseas Gross,Year Release,movie_code
1,Avatar,2922917914,785221649,2137696265,01/01/2009,tt0499549
2,Avengers: Endgame,2797501328,858373000,1939128328,01/01/2019,tt4154796
3,Titanic,2201647264,659363944,1542283320,01/01/1997,tt0120338
4,Star Wars: Episode VII - The Force Awakens,2069521700,936662225,1132859475,01/01/2015,tt2488496
5,Avengers: Infinity War,2048359754,678815482,1369544272,01/01/2018,tt4154756
6,Spider-Man: No Way Home,1916306995,814115070,1102191925,01/01/2021,tt10872600
7,Jurassic World,1671537444,653406625,1018130819,01/01/2015,tt0369610
8,The Lion King,1663250487,543638043,1119612444,01/01/2019,tt6105098
9,The Avengers,1518815515,623357910,895457605,01/01/2012,tt0848228
10,Furious 7,1515341399,353007020,1162334379,01/01/2015,tt2820852
11,Top Gun: Maverick,1488732821,718732821,770000000,01/01/2022,tt1745960
12,Frozen II,1450026933,477373578,972653355,01/01/2019,tt4520988
13,Avengers: Age of Ultron,1402809540,459005868,943803672,01/01/2015,tt2395427
14,Black Panther,1382248826,700426566,681822260,01/01/2018,tt1825683
15,Harry Potter and the Deathly Hallows: Part 2,1342359942,381447587,960912355,01/01/2011,tt1201607
16,Star Wars: Episode VIII - The Last Jedi,1332698830,620181382,712517448,01/01/2017,tt2527336
17,Jurassic World: Fallen Kingdom,1310466296,417719760,892746536,01/01/2018,tt4881806
18,Beauty and the Beast,1305611599,504481165,801130434,01/01/2017,tt2771200
19,Frozen,1304550716,400953009,903597707,01/01/2013,tt2294629
20,Incredibles 2,1243089244,608581744,634507500,01/01/2018,tt3606756
21,The Fate of the Furious,1236005118,226008385,1009996733,01/01/2017,tt4630562
22,Iron Man 3,1214811252,409013994,805797258,01/01/2013,tt1300854
23,Minions,1159444662,336045770,823398892,01/01/2015,tt2293640
24,Captain America: Civil War,1153337496,408084349,745253147,01/01/2016,tt3498820
25,Aquaman,1148528393,335104314,813424079,01/01/2018,tt1477834
26,The Lord of the Rings: The Return of the King,1146457748,378251207,768206541,01/01/2003,tt0167260
27,Spider-Man: Far from Home,1131927996,390532085,741395911,01/01/2019,tt6320628
28,Captain Marvel,1128462972,426829839,701633133,01/01/2019,tt4154664
29,Transformers: Dark of the Moon,1123794079,352390543,771403536,01/01/2011,tt1399103
30,Jurassic Park,1109802321,404214720,705587601,01/01/1993,tt0107290
31,Skyfall,1108569499,304360277,804209222,01/01/2012,tt1074638
32,Transformers: Age of Extinction,1104054072,245439076,858614996,01/01/2014,tt2109248
33,The Dark Knight Rises,1081169825,448149584,633020241,01/01/2012,tt1345836
34,Joker,1074458282,335477657,738980625,01/01/2019,tt7286456
35,Star Wars: Episode IX - The Rise of Skywalker,1074149279,515202542,558946737,01/01/2019,tt2527338
36,Toy Story 4,1073394593,434038008,639356585,01/01/2019,tt1979376
37,Toy Story 3,1066970811,415004880,651965931,01/01/2010,tt0435761
38,Pirates of the Caribbean: Dead Man's Chest,1066179747,423315812,642863935,01/01/2006,tt0383574
39,The Lion King,1063611805,422783777,640828028,01/01/1994,tt0110357
40,Rogue One: A Star Wars Story,1058682142,533539991,525142151,01/01/2016,tt3748528
41,Aladdin,1050693953,355559216,695134737,01/01/2019,tt6139732
42,Pirates of the Caribbean: On Stranger Tides,1045713802,241071802,804642000,01/01/2011,tt1298650
43,Zootopia,1042533689,341268248,701265441,01/01/2016,tt2948356
44,Despicable Me 3,1034800131,264624300,770175831,01/01/2017,tt3469046
45,Finding Dory,1028570942,486295561,542275381,01/01/2016,tt2277860
46,Star Wars: Episode I - The Phantom Menace,1027082707,474544677,552538030,01/01/1999,tt0120915
47,Alice in Wonderland,1025468216,334191110,691277106,01/01/2010,tt1014759
48,Harry Potter and the Sorcerer's Stone,1023842938,318886962,704955976,01/01/2001,tt0241527
49,The Hobbit: An Unexpected Journey,1017030651,303030651,714000000,01/01/2012,tt0903624
50,The Dark Knight,1006234167,534987076,471247091,01/01/2008,tt0468569
51,Jurassic World: Dominion,1001136080,376009080,625127000,01/01/2022,tt8041270
52,Jumanji: Welcome to the Jungle,995339117,404540171,590798946,01/01/2017,tt2283362
53,Harry Potter and the Deathly Hallows: Part 1,977070383,296374621,680695762,01/01/2010,tt0926084
54,Despicable Me 2,970766005,368065385,602700620,01/01/2013,tt1690953
55,The Jungle Book,966554929,364001123,602553806,01/01/2016,tt3040964
56,The Hobbit: The Battle of the Five Armies,962201338,255138261,707063077,01/01/2014,tt2310332
57,Pirates of the Caribbean: At World's End,960996492,309420425,651576067,01/01/2007,tt0449088
58,The Hobbit: The Desolation of Smaug,959027992,258387334,700640658,01/01/2013,tt1170358
59,Doctor Strange in the Multiverse of Madness,955775804,411331607,544444197,01/01/2022,tt9419884
60,The Lord of the Rings: The Two Towers,947944270,342952511,604991759,01/01/2002,tt0167261
61,Harry Potter and the Order of the Phoenix,942235757,292382727,649853030,01/01/2007,tt0373889
62,Finding Nemo,940352645,380843261,559509384,01/01/2003,tt0266543
63,Minions: The Rise of Gru,939433210,369500210,569933000,01/01/2022,tt5113044
64,Harry Potter and the Half-Blood Prince,934504700,302334374,632170326,01/01/2009,tt0417741
65,Shrek 2,928760770,441226247,487534523,01/01/2004,tt0298148
66,Harry Potter and the Chamber of Secrets,925054421,262641637,662412784,01/01/2002,tt0295297
67,Bohemian Rhapsody,910809311,216668042,694141269,01/01/2018,tt1727824
68,The Battle at Lake Changjin,902548476,342411,902206065,01/01/2021,tt13462900
69,The Lord of the Rings: The Fellowship of the Ring,898204420,316115420,582089000,01/01/2001,tt0120737
70,Harry Potter and the Goblet of Fire,896815106,290469928,606345178,01/01/2005,tt0330373
71,Spider-Man 3,894983373,336530303,558453070,01/01/2007,tt0413300
72,The Secret Life of Pets,894328469,368384330,525944139,01/01/2016,tt2709768
73,Ice Age: Dawn of the Dinosaurs,886686817,196573705,690113112,01/01/2009,tt1080016
74,Spectre,880705312,200074609,680630703,01/01/2015,tt2379713
75,Spider-Man: Homecoming,880166924,334201140,545965784,01/01/2017,tt2250912
76,Ice Age: Continental Drift,877244782,161321843,715922939,01/01/2012,tt1667889
77,Batman v Superman: Dawn of Justice,873637528,330360194,543277334,01/01/2016,tt2975590
78,Wolf Warrior 2,870325439,2721100,867604339,01/01/2017,tt7131870
79,Star Wars: Episode III - Revenge of the Sith,868390560,380270577,488119983,01/01/2005,tt0121766
80,The Hunger Games: Catching Fire,865011746,424668047,440343699,01/01/2013,tt1951264
81,Guardians of the Galaxy Vol. 2,863756051,389813101,473942950,01/01/2017,tt3896198
82,Inside Out,858848019,356921711,501926308,01/01/2015,tt2096673
83,Venom,856085151,213515506,642569645,01/01/2018,tt1270797
84,Thor: Ragnarok,853983879,315058289,538925590,01/01/2017,tt3501632
85,The Twilight Saga: Breaking Dawn - Part 2,848853382,292324737,556528645,01/01/2012,tt1673434
86,Inception,836848102,292587330,544260772,01/01/2010,tt1375666
87,Transformers: Revenge of the Fallen,836303693,402111870,434191823,01/01/2009,tt1055369
88,Spider-Man,825025036,407022860,418002176,01/01/2002,tt0145487
89,Wonder Woman,822854286,412845172,410009114,01/01/2017,tt0451279
90,"Hi, Mom",822009764,0,822009764,01/01/2021,tt13364790
91,Independence Day,817400891,306169268,511231623,01/01/1996,tt0116629
92,Fantastic Beasts and Where to Find Them,814044001,234037575,580006426,01/01/2016,tt3183660
93,Shrek the Third,813367380,322719944,490647436,01/01/2007,tt0413267
94,Coco,807817888,210460015,597357873,01/01/2017,tt2380307
95,Jumanji: The Next Level,801693929,320314960,481378969,01/01/2019,tt7975244
96,Harry Potter and the Prisoner of Azkaban,797660766,250105651,547555115,01/01/2004,tt0304141
97,Pirates of the Caribbean: Dead Men Tell No Tales,794881442,172558876,622322566,01/01/2017,tt1790809
98,E.T. the Extra-Terrestrial,792910554,437141279,355769275,01/01/1982,tt0083866
99,Mission: Impossible - Fallout,791657398,220159104,571498294,01/01/2018,tt4912910
100,2012,791217826,166112167,625105659,01/01/2009,tt1190080
101,Indiana Jones and the Kingdom of the Crystal Skull,790653942,317101119,473552823,01/01/2008,tt0367882
102,Spider-Man 2,788976453,373585825,415390628,01/01/2004,tt0316654
103,Fast & Furious 6,788680968,238679850,550001118,01/01/2013,tt1905041
104,Black Panther: Wakanda Forever,787135551,418938028,368197523,01/01/2022,tt9114286
105,Deadpool 2,785896609,324591735,461304874,01/01/2018,tt5463162
106,Deadpool,782836791,363070709,419766082,01/01/2016,tt1431045
107,Star Wars: Episode IV - A New Hope,775398007,460998507,314399500,01/01/1977,tt0076759
108,No Time to Die,774153007,160891007,613262000,01/01/2021,tt2382320
109,Interstellar,773837686,188020017,585817669,01/01/2014,tt0816692
110,Guardians of the Galaxy,773350147,333718600,439631547,01/01/2014,tt2015381
111,The Batman,770836163,369345583,401490580,01/01/2022,tt1877830
112,Thor: Love and Thunder,760928081,343256830,417671251,01/01/2022,tt10648342
113,Fast & Furious Presents: Hobbs & Shaw,760732926,173956935,586775991,01/01/2019,tt6806448
114,The Da Vinci Code,760006945,217536138,542470807,01/01/2006,tt0382625
115,Maleficent,758411779,241410378,517001401,01/01/2014,tt1587310
116,The Amazing Spider-Man,757930663,262030663,495900000,01/01/2012,tt0948470
117,The Hunger Games: Mockingjay - Part 1,755356711,337135885,418220826,01/01/2014,tt1951265
118,Shrek Forever After,752600867,238736787,513864080,01/01/2010,tt0892791
119,Gravity,748049949,274092705,473957244,01/01/2013,tt1454468
120,Madagascar 3: Europe's Most Wanted,746921274,216391482,530529792,01/01/2012,tt1277953
121,Suicide Squad,746846894,325100054,421746840,01/01/2016,tt1386697
122,X-Men: Days of Future Past,746045700,233921534,512124166,01/01/2014,tt1877832
123,"The Chronicles of Narnia: The Lion, the Witch and the Wardrobe",745013115,291710957,453302158,01/01/2005,tt0363771
124,Monsters University,743559645,268492764,475066881,01/01/2013,tt1453405
125,The Matrix Reloaded,741847937,281576461,460271476,01/01/2003,tt0234215
126,Up,735099102,293004164,442094938,01/01/2009,tt1049413
127,Ne Zha,726264074,3695533,722568541,01/01/2019,tt10627720
128,F9: The Fast Saga,726229501,173005945,553223556,01/01/2021,tt5433138
129,Captain America: The Winter Soldier,714421503,259766572,454654931,01/01/2014,tt1843866
130,The Twilight Saga: Breaking Dawn - Part 1,712205856,281287133,430918723,01/01/2011,tt1324999
131,The Twilight Saga: New Moon,711025481,297816253,413209228,01/01/2009,tt1259571
132,Dawn of the Planet of the Apes,710644566,208545589,502098977,01/01/2014,tt2103281
133,Transformers,709709780,319246193,390463587,01/01/2007,tt0418279
134,The Amazing Spider-Man 2,708982323,202853933,506128390,01/01/2014,tt1872181
135,It,701842551,328874981,372967570,01/01/2017,tt1396484
136,The Wandering Earth,699992512,5971413,694021099,01/01/2019,tt7605074
137,The Twilight Saga: Eclipse,698509825,300531751,397978074,01/01/2010,tt1325004
138,Mission: Impossible - Ghost Protocol,694713380,209397903,485315477,01/01/2011,tt1229238
139,Mamma Mia!,694476782,144169664,550307118,01/01/2008,tt0795421
140,The Hunger Games,694394724,408010692,286384032,01/01/2012,tt1392170
141,Detective Chinatown 3,686257563,0,686257563,01/01/2021,tt10370822
142,Mission: Impossible - Rogue Nation,682716636,195042377,487674259,01/01/2015,tt2381249
143,Forrest Gump,678226465,330455270,347771195,01/01/1994,tt0109830
144,Doctor Strange,677796076,232641920,445154156,01/01/2016,tt1211837
145,The Sixth Sense,672806432,293506292,379300140,01/01/1999,tt0167404
146,Man of Steel,668045518,291045518,377000000,01/01/2013,tt0770828
147,Ice Age: The Meltdown,667094506,195330621,471763885,01/01/2006,tt0438097
148,Kung Fu Panda 2,665692281,165249063,500443218,01/01/2011,tt1302011
149,Moana,665069139,248757044,416312095,01/01/2016,tt3521164
150,Justice League,657926987,229024295,428902692,01/01/2017,tt0974015
151,Big Hero 6,657869686,222527828,435341858,01/01/2014,tt2245084
152,Fantastic Beasts: The Crimes of Grindelwald,654855901,159555901,495300000,01/01/2018,tt4123430
153,Pirates of the Caribbean: The Curse of the Black Pearl,654264015,305413918,348850097,01/01/2003,tt0325980
154,Men in Black 3,654213485,179020854,475192631,01/01/2012,tt1409024
155,Star Wars: Episode II - Attack of the Clones,653779970,310676740,343103230,01/01/2002,tt0121765
156,The Hunger Games: Mockingjay - Part 2,653428261,281723902,371704359,01/01/2015,tt1951266
157,Thor: The Dark World,644783140,206362140,438421000,01/01/2013,tt1981115
158,Sing,634338384,270578425,363759959,01/01/2016,tt3470600
159,Kung Fu Panda,632083197,215771591,416311606,01/01/2008,tt0441773
160,The Incredibles,631607053,261441092,370165961,01/01/2004,tt0317705
161,The Martian,630620818,228433663,402187155,01/01/2015,tt3659388
162,Hancock,629443428,227946274,401497154,01/01/2008,tt0448157
163,Water Gate Bridge,626571697,117294,626454403,01/01/2022,tt16194408
164,Fast Five,626137675,209837675,416300000,01/01/2011,tt1596343
165,Iron Man 2,623933331,312433331,311500000,01/01/2010,tt1228705
166,Ratatouille,623726085,206445654,417280431,01/01/2007,tt0382932
167,Ant-Man and the Wasp,622674139,216648740,406025399,01/01/2018,tt5095030
168,How to Train Your Dragon 2,621537519,177002924,444534595,01/01/2014,tt1646971
169,Logan,619179950,226277068,392902882,01/01/2017,tt3315342
170,The Lost World: Jurassic Park,618638999,229086679,389552320,01/01/1997,tt0119567
171,Casino Royale,616504662,167445960,449058702,01/01/2006,tt0381061
172,The Passion of the Christ,612054506,370782930,241271576,01/01/2004,tt0335345
173,Life of Pi,609016565,124987023,484029542,01/01/2012,tt0454876
174,Transformers: The Last Knight,605425157,130168683,475256474,01/01/2017,tt3371366
175,Madagascar: Escape 2 Africa,603900354,180010950,423889404,01/01/2008,tt0479952
176,War of the Worlds,603873119,234280354,369592765,01/01/2005,tt0407304
177,Tangled,592462816,200821936,391640880,01/01/2010,tt0398286
178,Quantum of Solace,589580482,168368427,421212055,01/01/2008,tt0830515
179,Men in Black,589390539,250690539,338700000,01/01/1997,tt0119654
180,The Croods,587235983,187168425,400067558,01/01/2013,tt0481499
181,The Hangover Part II,586764305,254464305,332300000,01/01/2011,tt1411697
182,Iron Man,585796247,319034126,266762121,01/01/2008,tt0371746
183,I Am Legend,585410052,256393010,329017042,01/01/2007,tt0480249
184,Ready Player One,582918849,137715350,445203499,01/01/2018,tt1677720
185,"Monsters, Inc.",579707738,290642256,289065482,01/01/2001,tt0198781
186,Operation Red Sea,579330426,1543547,577786879,01/01/2018,tt6878882
187,Night at the Museum,574481229,250863268,323617961,01/01/2006,tt0477347
188,Fifty Shades of Grey,569651467,166167230,403484237,01/01/2015,tt2322441
189,Kong: Skull Island,566652812,168052812,398600000,01/01/2017,tt3731562
190,The Smurfs,563749323,142614158,421135165,01/01/2011,tt0472181
191,Cars 2,559852396,191452396,368400000,01/01/2011,tt1216475
192,King Kong,556906378,218080025,338826353,01/01/2005,tt0360717
193,Puss in Boots,554987477,149260504,405726973,01/01/2011,tt0448694
194,The Mermaid,553810228,3232685,550577543,01/01/2016,tt4701660
195,Armageddon,553709788,201578182,352131606,01/01/1998,tt0120591
196,The Day After Tomorrow,552639571,186740799,365898772,01/01/2004,tt0319262
197,Ted,549368315,218815487,330552828,01/01/2012,tt1637725
198,American Sniper,547459020,350159020,197300000,01/01/2014,tt2179136
199,Mission: Impossible II,546388108,215409889,330978219,01/01/2000,tt0120755
200,Detective Chinatown 2,544185156,1983984,542201172,01/01/2018,tt7752454
201,X-Men: Apocalypse,543934105,155442489,388491616,01/01/2016,tt3385516
202,Sherlock Holmes: A Game of Shadows,543848418,186848418,357000000,01/01/2011,tt1515091
203,Despicable Me,543157985,251557985,291600000,01/01/2010,tt1323594
204,Cinderella,542358331,201151353,341206978,01/01/2015,tt1661199
205,Madagascar,542063846,193595521,348468325,01/01/2005,tt0351283
206,World War Z,540455876,202807711,337648165,01/01/2013,tt0816711
207,Brave,538983207,237283207,301700000,01/01/2012,tt1217209
208,Star Wars: Episode V - The Empire Strikes Back,538375067,292753960,245621107,01/01/1980,tt0080684
209,The Simpsons Movie,536414293,183135014,353279279,01/01/2007,tt0462538
210,The Revenant,532950503,183637894,349312609,01/01/2015,tt1663202
211,The Meg,530517320,145522784,384994536,01/01/2018,tt4779682
212,Ralph Breaks the Internet,529323962,201091711,328232251,01/01/2018,tt5848272
213,Hotel Transylvania 3: Summer Vacation,528583774,167510016,361073758,01/01/2018,tt5220122
214,The Boss Baby,527965936,175003033,352962903,01/01/2017,tt3874544
215,Dunkirk,527016307,189740665,337275642,01/01/2017,tt5013056
216,Godzilla,524976069,200676069,324300000,01/01/2014,tt0831387
217,How to Train Your Dragon: The Hidden World,524580592,160945505,363635087,01/01/2019,tt2386490
218,Sherlock Holmes,524028679,209028679,315000000,01/01/2009,tt0988045
219,Meet the Fockers,522657936,279261160,243396776,01/01/2004,tt0290002
220,WALLúE,521311890,223808164,297503726,01/01/2008,tt0910970
221,Kung Fu Panda 3,521170825,143528619,377642206,01/01/2016,tt2267968
222,Terminator 2: Judgment Day,520881154,205881154,315000000,01/01/1991,tt0103064
223,Ant-Man,519311965,180202163,339109802,01/01/2015,tt0478970
224,The Grinch,513540357,271384731,242155626,01/01/2018,tt2709692
225,Venom: Let There Be Carnage,506863592,213550366,293313226,01/01/2021,tt7097896
226,Ghost,505703557,217631306,288072251,01/01/1990,tt0099653
227,Aladdin,504050219,217350219,286700000,01/01/1992,tt0103639
228,Rio 2,498781117,131538435,367242682,01/01/2014,tt2357291
229,Troy,497409852,133378256,364031596,01/01/2004,tt0332452
230,Toy Story 2,497375381,245852179,251523202,01/01/1999,tt0120363
231,How to Train Your Dragon,494879471,217581231,277298240,01/01/2010,tt0892769
232,Twister,494580615,241830615,252750000,01/01/1996,tt0117998
233,Oz the Great and Powerful,493311825,234911825,258400000,01/01/2013,tt1623205
234,Clash of the Titans,493214993,163214888,330000105,01/01/2010,tt0800320
235,Maleficent: Mistress of Evil,491730089,113929605,377800484,01/01/2019,tt4777008
236,War for the Planet of the Apes,490719763,146880162,343839601,01/01/2017,tt3450958
237,Shrek,488351320,268163011,220188309,01/01/2001,tt0126029
238,Mr. & Mrs. Smith,487287646,186336279,300951367,01/01/2005,tt0356910
239,Angels & Demons,485930816,133375846,352554970,01/01/2009,tt0808151
240,Teenage Mutant Ninja Turtles,485004754,191204754,293800000,01/01/2014,tt1291150
241,Bruce Almighty,484592874,242829261,241763613,01/01/2003,tt0315327
242,Rio,483866518,143619809,340246709,01/01/2011,tt1436562
243,Saving Private Ryan,482349603,217049603,265300000,01/01/1998,tt0120815
244,Rise of the Planet of the Apes,481800873,176760185,305040688,01/01/2011,tt1318514
245,Home Alone,476684675,285761243,190923432,01/01/1990,tt0099785
246,Jaws,476512065,265859065,210653000,01/01/1975,tt0073195
247,Hotel Transylvania 2,475186706,169700110,305486596,01/01/2015,tt2510894
248,Star Wars: Episode VI - Return of the Jedi,475106177,309306177,165800000,01/01/1983,tt0086190
249,Charlie and the Chocolate Factory,474968763,206459076,268509687,01/01/2005,tt0367594
250,Indiana Jones and the Last Crusade,474171806,197171806,277000000,01/01/1989,tt0097576
251,San Andreas,474009154,155190832,318818322,01/01/2015,tt2126355
252,It Chapter Two,473122525,211622525,261500000,01/01/2019,tt7349950
253,La La Land,471227161,151101803,320125358,01/01/2016,tt3783958
254,Wreck-It Ralph,471222889,189422889,281800000,01/01/2012,tt1772341
255,Godzilla vs. Kong,470067014,100916094,369150920,01/01/2021,tt5034838
256,The Hangover,469328079,277339746,191988333,01/01/2009,tt1119646
257,Lucy,469058574,126663600,342394974,01/01/2014,tt2872732
258,The Lego Movie,468266122,257966122,210300000,01/01/2014,tt1490017
259,Bumblebee,467989645,127195589,340794056,01/01/2018,tt4701182
260,Star Trek Into Darkness,467365246,228778661,238586585,01/01/2013,tt1408101
261,The Matrix,467222728,172076928,295145800,01/01/1999,tt0133093
262,Gladiator,465380802,187705427,277675375,01/01/2000,tt0172495
263,Pretty Woman,463406268,178406268,285000000,01/01/1990,tt0100405
264,Cars,461991867,244082982,217908885,01/01/2006,tt0317219
265,The Eight Hundred,461421559,372755,461048804,01/01/2020,tt7294150
266,X-Men: The Last Stand,460435291,234362462,226072829,01/01/2006,tt0376994
267,Moon Man,460237662,0,460237662,01/01/2022,tt14557302
268,National Treasure: Book of Secrets,459242249,219964115,239278134,01/01/2007,tt0465234
269,Mission: Impossible,457696391,180981856,276714535,01/01/1996,tt0117060
270,300,456082343,210629101,245453242,01/01/2007,tt0416449
271,The Last Samurai,454627263,111127263,343500000,01/01/2003,tt0325710
272,Demon Slayer the Movie: Mugen Train,453210959,49505008,403705951,01/01/2020,tt11032374
273,Dying to Survive,451183391,6752,451176639,01/01/2018,tt7362036
274,Ocean's Eleven,450717150,183417150,267300000,01/01/2001,tt0240772
275,"My People, My Country",450064993,2356683,447708310,01/01/2019,tt10147382
276,Thor,449326618,181030624,268295994,01/01/2011,tt0800369
277,Pearl Harbor,449220945,198542554,250678391,01/01/2001,tt0213149
278,Tarzan,448191819,171091819,277100000,01/01/1999,tt0120855
279,Men in Black II,445135288,193735288,251400000,01/01/2002,tt0120912
280,The Bourne Ultimatum,444100035,227471070,216628965,01/01/2007,tt0440963
281,The Mummy Returns,443280904,202019785,241261119,01/01/2001,tt0209163
282,Alvin and the Chipmunks: The Squeakquel,443140005,219614612,223525393,01/01/2009,tt1231580
283,Les Mis‚rables,442299309,148809770,293489539,01/01/2012,tt1707386
284,Avatar: The Way of Water,441703887,134100226,307603661,01/01/2022,tt1630029
285,The Exorcist,441306145,233005644,208300501,01/01/1973,tt0070047
286,Mrs. Doubtfire,441286195,219195243,222090952,01/01/1993,tt0107614
287,Terminator Genisys,440603537,89760956,350842581,01/01/2015,tt1340138
288,Warcraft,439048914,47365290,391683624,01/01/2016,tt0803096
289,A Star Is Born,436233122,215333122,220900000,01/01/2018,tt1517451
290,The Greatest Showman,435732529,174340174,261392355,01/01/2017,tt1485796
291,Terminator 3: Rise of the Machines,433371112,150371112,283000000,01/01/2003,tt0181852
292,Pok‚mon Detective Pikachu,433230304,144174568,289055736,01/01/2019,tt5884052
293,Shang-Chi and the Legend of the Ten Rings,432243292,224543292,207700000,01/01/2021,tt9376612
294,Die Another Day,431971116,160942139,271028977,01/01/2002,tt0246460
295,The Secret Life of Pets 2,431058056,158874395,272183661,01/01/2019,tt5113040
296,Cast Away,429632142,233632142,196000000,01/01/2000,tt0162222
297,Rampage,428028233,101028233,327000000,01/01/2018,tt2231461
298,The King's Speech,427374317,138797449,288576868,01/01/2010,tt1504320
299,The Matrix Revolutions,427344325,139313948,288030377,01/01/2003,tt0242653
300,The Intouchables,426588510,10198820,416389690,01/01/2011,tt1675434
301,Bad Boys for Life,426505244,206305244,220200000,01/01/2020,tt1502397
302,Django Unchained,426074373,162805434,263268939,01/01/2012,tt1853728
303,Beauty and the Beast,424967620,218967620,206000000,01/01/1991,tt0101414
304,Dances with Wolves,424208848,184208848,240000000,01/01/1990,tt0099348
305,"My People, My Homeland",422390820,0,422390820,01/01/2020,tt12363162
306,The Chronicles of Narnia: Prince Caspian,419665568,141621490,278044078,01/01/2008,tt0499448
307,Sex and the City,418765519,152647258,266118261,01/01/2008,tt1000774
308,The Captain,417282021,706572,416575449,01/01/2019,tt10218664
309,The Mummy,415933406,155385488,260547918,01/01/1999,tt0120616
310,The Chronicles of Narnia: The Voyage of the Dawn Treader,415686217,104386950,311299267,01/01/2010,tt0980970
311,Jason Bourne,415484914,162434410,253050504,01/01/2016,tt4196776
312,Mad Max: Fury Road,415261382,154109060,261152322,01/01/2015,tt1392190
313,The Wolverine,414828246,132556852,282271394,01/01/2013,tt1430132
314,Kingsman: The Secret Service,414351546,128261724,286089822,01/01/2015,tt2802144
315,Night at the Museum: Battle of the Smithsonian,413106170,177243721,235862449,01/01/2009,tt1078912
316,Batman,411569241,251409241,160160000,01/01/1989,tt0096895
317,The Bodyguard,411046449,122046449,289000000,01/01/1992,tt0103855
318,Pacific Rim,411002906,101802906,309200000,01/01/2013,tt1663662
319,Kingsman: The Golden Circle,410902662,100234838,310667824,01/01/2017,tt4649466
320,The Mummy,409231607,80227895,329003712,01/01/2017,tt2345759
321,Ice Age: Collision Course,408754975,64063008,344691967,01/01/2016,tt3416828
322,Twilight,408430415,193962473,214467942,01/01/2008,tt1099212
323,Signs,408247917,227966634,180281283,01/01/2002,tt0286106
324,X2: X-Men United,407711549,214949694,192761855,01/01/2003,tt0290334
325,Sing 2,407511469,162790990,244720479,01/01/2021,tt6467266
326,The Wolf of Wall Street,406878233,116900694,289977539,01/01/2013,tt0993846
327,Fantastic Beasts: The Secrets of Dumbledore,405161334,95850844,309310490,01/01/2022,tt4123432
328,Alita: Battle Angel,404980543,85838210,319142333,01/01/2019,tt0437086
329,The Mummy: Tomb of the Dragon Emperor,403449830,102491776,300958054,01/01/2008,tt0859163
330,Prometheus,403354469,126477084,276877385,01/01/2012,tt1446714
331,Sonic the Hedgehog 2,402656846,190872904,211783942,01/01/2022,tt12412888
332,Gone with the Wind,402382193,200882193,201500000,01/01/1939,tt0031381
333,Mamma Mia! Here We Go Again,402264843,120634935,281629908,01/01/2018,tt6911608
334,Eternals,402064899,164870234,237194665,01/01/2021,tt9032400
335,Dune,401847900,108327830,293520070,01/01/2021,tt1160419
336,Uncharted,401748820,148648820,253100000,01/01/2022,tt1464335
337,Tron: Legacy,400063852,172062763,228001089,01/01/2010,tt1104001
338,Mission: Impossible III,398479497,134029801,264449696,01/01/2006,tt0317919
339,Snow White and the Huntsman,396592829,155332381,241260448,01/01/2012,tt1735898
340,Grease,396271103,190071103,206200000,01/01/1978,tt0077631
341,Toy Story,394436586,223225679,171210907,01/01/1995,tt0114709
342,Solo: A Star Wars Story,392924807,213767512,179157295,01/01/2018,tt3778644
343,Superman Returns,391081192,200081192,191000000,01/01/2006,tt0348150
344,Black Adam,391067895,167667895,223400000,01/01/2022,tt6443346
345,Robin Hood: Prince of Thieves,390493908,165493908,225000000,01/01/1991,tt0102798
346,Indiana Jones and the Raiders of the Lost Ark,389925971,248159971,141766000,01/01/1981,tt0082971
347,Independence Day: Resurgence,389681935,103144286,286537649,01/01/2016,tt1628841
348,Live Free or Die Hard,388156011,134529403,253626608,01/01/2007,tt0337978
349,Monster Hunt,387053506,32766,387020740,01/01/2015,tt3781476
350,Godzilla: King of the Monsters,386600138,110500138,276100000,01/01/2019,tt3741700
351,Home,386041607,177397510,208644097,01/01/2015,tt2224026
352,Star Trek,385680446,257730019,127950427,01/01/2009,tt0796366
353,1917,384576334,159227644,225348690,01/01/2019,tt8579674
354,Happy Feet,384336108,198000317,186335791,01/01/2006,tt0366548
355,Spider-Man: Into the Spider-Verse,384256930,190241310,194015620,01/01/2018,tt4633694
356,Cars 3,383930656,152901115,231029541,01/01/2017,tt3606752
357,Back to the Future,383336762,212836762,170500000,01/01/1985,tt0088763
358,Ice Age,383257136,176387405,206869731,01/01/2002,tt0268380
359,Fifty Shades Darker,381545846,114581250,266964596,01/01/2017,tt4465564
360,Monsters vs. Aliens,381509870,198351526,183158344,01/01/2009,tt0892782
361,Black Widow,379751655,183651655,196100000,01/01/2021,tt3480822
362,Godzilla,379014294,136314294,242700000,01/01/1998,tt0120685
363,True Lies,378882411,146282411,232600000,01/01/1994,tt0111503
364,Slumdog Millionaire,378410542,141319928,237090614,01/01/2008,tt1010048
365,Once Upon a Time in Hollywood,377617598,142502728,235114870,01/01/2019,tt7131622
366,Taken 2,376152455,139854287,236298168,01/01/2012,tt1397280
367,G.I. Joe: Retaliation,375740705,122523060,253217645,01/01/2013,tt1583421
368,Shark Tale,374583879,160861908,213721971,01/01/2004,tt0307453
369,What Women Want,374111707,182811707,191300000,01/01/2000,tt0207201
370,The Adventures of Tintin,373993951,77591831,296402120,01/01/2011,tt0983193
371,Batman Begins,373672993,206863479,166809514,01/01/2005,tt0372784
372,Penguins of Madagascar,373515621,83850911,289664710,01/01/2014,tt1911658
373,X-Men Origins: Wolverine,373062864,179883157,193179707,01/01/2009,tt0458525
374,The Golden Compass,372234864,70107728,302127136,01/01/2007,tt0385752
375,Fifty Shades Freed,371985018,100407760,271577258,01/01/2018,tt4477536
376,Hitch,371594210,179495555,192098655,01/01/2005,tt0386588
377,Terminator Salvation,371353001,125322469,246030532,01/01/2009,tt0438488
378,Captain America: The First Avenger,370569774,176654505,193915269,01/01/2011,tt0458339
379,Edge of Tomorrow,370541256,100206256,270335000,01/01/2014,tt1631867
380,There's Something About Mary,369884651,176484651,193400000,01/01/1998,tt0129387
381,Gone Girl,369330363,167767189,201563174,01/01/2014,tt2267998
382,The Fugitive,368875760,183875760,185000000,01/01/1993,tt0106977
383,Jurassic Park III,368780809,181171875,187608934,01/01/2001,tt0163025
384,My Big Fat Greek Wedding,368744044,241438208,127305836,01/01/2002,tt0259446
385,Hello Mr. Billionaire,366961907,0,366961907,01/01/2018,tt8529186
386,Die Hard with a Vengeance,366101666,100012499,266089167,01/01/1995,tt0112864
387,Shazam!,366080049,140480049,225600000,01/01/2019,tt0448115
388,The Nun,365582797,117481222,248101575,01/01/2018,tt5814060
389,Alvin and the Chipmunks,365352546,217326974,148025572,01/01/2007,tt0952640
390,Tenet,365294355,58504105,306790250,01/01/2020,tt6723592
391,Notting Hill,363889678,116089678,247800000,01/01/1999,tt0125439
392,A Bug's Life,363258859,162798565,200460294,01/01/1998,tt0120623
393,Night at the Museum: Secret of the Tomb,363204635,113746621,249458014,01/01/2014,tt2692250
394,Ocean's Twelve,362744280,125544280,237200000,01/01/2004,tt0349903
395,Planet of the Apes,362211740,180011740,182200000,01/01/2001,tt0133152
396,The Hangover Part III,362000072,112200072,249800000,01/01/2013,tt1951261
397,The World Is Not Enough,361832400,126943684,234888716,01/01/1999,tt0143145
398,Monster Hunt 2,361682618,706153,360976465,01/01/2018,tt6170484
399,Fast & Furious,360366870,155064265,205302605,01/01/2009,tt1013752
400,Noah,359200044,101200044,258000000,01/01/2014,tt1959490
401,The Karate Kid,359126022,176591618,182534404,01/01/2010,tt1155076
402,Home Alone 2: Lost in New York,358994850,173585516,185409334,01/01/1992,tt0104431
403,Hotel Transylvania,358375603,148313048,210062555,01/01/2012,tt0837562
404,Minority Report,358372926,132072926,226300000,01/01/2002,tt0181689
405,Your Name.,358180115,5017246,353162869,01/01/2016,tt5311514
406,Top Gun,357288178,180258178,177030000,01/01/1986,tt0092099
407,The Legend of Tarzan,356700357,126643061,230057296,01/01/2016,tt0918940
408,American Beauty,356296601,130096601,226200000,01/01/1999,tt0169547
409,Spirited Away,355822319,13750644,342071675,01/01/2001,tt0245429
410,Apollo 13,355237933,173837933,181400000,01/01/1995,tt0112384
411,Rain Man,354825435,172825435,182000000,01/01/1988,tt0095953
412,The Great Gatsby,353659851,144857996,208801855,01/01/2013,tt1343092
413,Dumbo,353284621,114766307,238518314,01/01/2019,tt3861390
414,"I, Robot",353133898,144801023,208332875,01/01/2004,tt0343818
415,Basic Instinct,352927224,117727224,235200000,01/01/1992,tt0103772
416,Murder on the Orient Express,352794081,102826543,249967538,01/01/2017,tt3402236
417,X-Men: First Class,352616690,146408305,206208385,01/01/2011,tt1270798
418,The Angry Birds Movie,352333929,107509366,244824563,01/01/2016,tt1985949
419,GoldenEye,352194034,106429941,245764093,01/01/1995,tt0113189
420,Catch Me If You Can,352114312,164615351,187498961,01/01/2002,tt0264464
421,Now You See Me,351723989,117723989,234000000,01/01/2013,tt1670345
422,Hannibal,351692268,165092268,186600000,01/01/2001,tt0212985
423,The Mask,351583407,119938730,231644677,01/01/1994,tt0110475
424,Peter Rabbit,351496066,115253424,236242642,01/01/2018,tt5117670
425,Speed,350448145,121248145,229200000,01/01/1994,tt0111257
426,Dinosaur,349822765,137748063,212074702,01/01/2000,tt0130623
427,Mary Poppins Returns,349546142,171958438,177587704,01/01/2018,tt5028340
428,Deep Impact,349464664,140464664,209000000,01/01/1998,tt0120647
429,The Lorax,349183316,214373500,134809816,01/01/2012,tt1482459
430,The Maze Runner,348319861,102427862,245891999,01/01/2014,tt1790864
431,The Smurfs 2,347545360,71017784,276527576,01/01/2013,tt2017020
432,National Treasure,347512318,173008894,174503424,01/01/2004,tt0368891
433,Rush Hour 2,347325802,226164286,121161516,01/01/2001,tt0266915
434,Trolls,347182886,154025064,193157822,01/01/2016,tt1679335
435,xXx: Return of Xander Cage,346118277,44898413,301219864,01/01/2017,tt1293847
436,Pocahontas,346079773,141579773,204500000,01/01/1995,tt0114148
437,How the Grinch Stole Christmas,345823032,260715005,85108027,01/01/2000,tt0170016
438,Star Trek Beyond,343471816,158848340,184623476,01/01/2016,tt2660888
439,Alvin and the Chipmunks: Chipwrecked,342695435,133110742,209584693,01/01/2011,tt1615918
440,Wanted,342463063,134508551,207954512,01/01/2008,tt0493464
441,The Flintstones,341631208,130531208,211100000,01/01/1994,tt0109813
442,A Quiet Place,340952971,188024361,152928610,01/01/2018,tt6644200
443,Enchanted,340487836,127807262,212680574,01/01/2007,tt0461770
444,Over the Hedge,339795890,155019340,184776550,01/01/2006,tt0327084
445,300: Rise of an Empire,337580051,106580051,231000000,01/01/2014,tt1253863
446,Batman Forever,336567158,184069126,152498032,01/01/1995,tt0112462
447,Prince of Persia: The Sands of Time,336365676,90759676,245606000,01/01/2009,tt0473075
448,The Curious Case of Benjamin Button,335802786,127509326,208293460,01/01/2008,tt0421715
449,Journey 2: The Mysterious Island,335287748,103887748,231400000,01/01/2012,tt1397514
450,The Rock,335062621,134069511,200993110,01/01/1996,tt0117500
451,The Great Wall,334933831,45540830,289393001,01/01/2016,tt2034800
452,Now You See Me 2,334897606,65075540,269822066,01/01/2016,tt3110958
453,Never Say Die,334530869,0,334530869,01/01/2017,tt7431894
454,Fantastic Four,333535934,154696080,178839854,01/01/2005,tt0120667
455,Indiana Jones and the Temple of Doom,333107271,179870271,153237000,01/01/1984,tt0087469
456,Tomorrow Never Dies,333011068,125304276,207706792,01/01/1997,tt0120347
457,Back to the Future Part II,332500002,119000002,213500000,01/01/1989,tt0096874
458,The Good Dinosaur,332207671,123087120,209120551,01/01/2015,tt1979388
459,Free Guy,331526598,121626598,209900000,01/01/2021,tt6264654
460,22 Jump Street,331333876,191719337,139614539,01/01/2014,tt2294449
461,Meet the Parents,330444045,166244045,164200000,01/01/2000,tt0212338
462,Who Framed Roger Rabbit,329803958,156452370,173351588,01/01/1988,tt0096438
463,Black Swan,329398046,106954678,222443368,01/01/2010,tt0947798
464,The Perfect Storm,328718434,182618434,146100000,01/01/2000,tt0177971
465,John Wick: Chapter 3 - Parabellum,328349387,171015687,157333700,01/01/2019,tt6146586
466,Crocodile Dundee,328203506,174803506,153400000,01/01/1986,tt0090555
467,Crazy Alien,327598891,0,327598891,01/01/2019,tt6660238
468,Se7en,327333559,100125643,227207916,01/01/1995,tt0114369
469,The Devil Wears Prada,326706115,124740460,201965655,01/01/2006,tt0458352
470,Taken 3,326479141,89256424,237222717,01/01/2015,tt2446042
471,The Hunchback of Notre Dame,325338851,100138851,225200000,01/01/1996,tt0116583
472,A Christmas Carol,325286646,137855863,187430783,01/01/2009,tt1067106
473,The SpongeBob Movie: Sponge Out of Water,325186032,162994032,162192000,01/01/2015,tt2279373
474,Schindler's List,322161245,96898818,225262427,01/01/1993,tt0108052
475,Megamind,321885765,148415853,173469912,01/01/2010,tt1001526
476,The Conjuring 2,321834351,102516140,219318211,01/01/2016,tt3065204
477,Green Book,321752656,85080171,236672485,01/01/2018,tt6966692
478,Lethal Weapon 3,321731527,144731527,177000000,01/01/1992,tt0104714
479,Robin Hood,321669741,105269730,216400011,01/01/2010,tt0955308
480,Inglourious Basterds,321457747,120540719,200917028,01/01/2009,tt0361748
481,101 Dalmatians,320689294,136189294,184500000,01/01/1996,tt0115433
482,The Conjuring,320406242,137446368,182959874,01/01/2013,tt1457767
483,Fatal Attraction,320145693,156645693,163500000,01/01/1987,tt0093010
484,Sonic the Hedgehog,319715683,148974665,170741018,01/01/2020,tt3794354
485,The Last Airbender,319713881,131772187,187941694,01/01/2010,tt0938283
486,The Proposal,317375031,163958031,153417000,01/01/2009,tt1041829
487,A Beautiful Mind,316791257,170742341,146048916,01/01/2001,tt0268978
488,Beverly Hills Cop,316360478,234760478,81600000,01/01/1984,tt0086960
489,The Polar Express,316061405,188969804,127091601,01/01/2004,tt0338348
490,Air Force One,315156409,172956409,142200000,01/01/1997,tt0118571
491,Wonder,315025930,132422809,182603121,01/01/2017,tt2543472
492,The Expendables 2,314975955,85028192,229947763,01/01/2012,tt1764651
493,Chicken Little,314432837,135386665,179046172,01/01/2005,tt0371606
494,As Good as It Gets,314178011,148478011,165700000,01/01/1997,tt0119822
495,Knives Out,312897920,165363234,147534686,01/01/2019,tt8946378
496,Maze Runner: The Scorch Trials,312296056,81697192,230598864,01/01/2015,tt4046784
497,Resident Evil: The Final Chapter,312242626,26830068,285412558,01/01/2016,tt2592614
498,The Lego Batman Movie,312136671,175936671,136200000,01/01/2017,tt4116284
499,Austin Powers: The Spy Who Shagged Me,312016928,206040086,105976842,01/01/1999,tt0145660
500,Ocean's Thirteen,311312624,117154724,194157900,01/01/2007,tt0496806
501,Little Fockers,310650585,148438600,162211985,01/01/2010,tt0970866
502,Bolt,309979994,114053579,195926415,01/01/2008,tt0397892
503,Ransom,309492681,136492681,173000000,01/01/1996,tt0117438
504,Runaway Bride,309460292,152257509,157202783,01/01/1999,tt0163187
505,The Blind Side,309231694,255982860,53248834,01/01/2009,tt0878804
506,The Ex-File 3: The Return of The Exes,307592427,838959,306753468,01/01/2017,tt7830888
507,The Fault in Our Stars,307166834,124872350,182294484,01/01/2014,tt2582846
508,The Pursuit of Happyness,307127625,163566459,143561166,01/01/2006,tt0454921
509,Rise of the Guardians,306941670,103412758,203528912,01/01/2012,tt1446192
510,Close Encounters of the Third Kind,306889114,135189114,171700000,01/01/1977,tt0075860
511,Chicago,306776732,170687518,136089214,01/01/2002,tt0299658
512,Annabelle: Creation,306515884,102092201,204423683,01/01/2017,tt5140878
513,Bridesmaids,306442085,169106725,137335360,01/01/2011,tt1478338
514,Skyscraper,304868961,68420120,236448841,01/01/2018,tt5758778
515,A Good Day to Die Hard,304654182,67349198,237304984,01/01/2013,tt1606378
516,Mulan,304320254,120620254,183700000,01/01/1998,tt0120762
517,Dangal,303723636,12391761,291331875,01/01/2016,tt5074352
518,Passengers,303144152,100014699,203129453,01/01/2016,tt1355644
519,Battleship,303025485,65422625,237602860,01/01/2012,tt1440129
520,Liar Liar,302710615,181410615,121300000,01/01/1997,tt0119528
521,G.I. Joe: The Rise of Cobra,302469017,150201498,152267519,01/01/2009,tt1046173
522,Wrath of the Titans,301970083,83670083,218300000,01/01/2012,tt1646987
523,Fantastic Four: Rise of the Silver Surfer,301913131,131921738,169991393,01/01/2007,tt0486576
524,Hook,300854823,119654823,181200000,01/01/1991,tt0102057
525,Superman,300478449,134478449,166000000,01/01/1978,tt0078346
526,Rocky IV,300473716,127873716,172600000,01/01/1985,tt0089927
527,Rambo: First Blood Part II,300400432,150415432,149985000,01/01/1985,tt0089880
528,Resident Evil: Afterlife,300228084,60128566,240099518,01/01/2010,tt1220634
529,Van Helsing,300157638,120177084,179980554,01/01/2004,tt0338526
530,Stuart Little,300135367,140035367,160100000,01/01/1999,tt0164912
531,Beverly Hills Cop II,299965036,153665036,146300000,01/01/1987,tt0092644
532,Alice Through the Looking Glass,299820798,77041381,222779417,01/01/2016,tt2567026
533,My Best Friend's Wedding,299288605,127120029,172168576,01/01/1997,tt0119738
534,Real Steel,299268508,85468508,213800000,01/01/2011,tt0433035
535,Horton Hears a Who!,298572799,154529439,144043360,01/01/2008,tt0451079
536,Ocean's Eight,297795726,140295726,157500000,01/01/2018,tt5164214
537,A Quiet Place Part II,297372261,160072261,137300000,01/01/2021,tt8332922
538,The Divergent Series: Insurgent,297002527,130179072,166823455,01/01/2015,tt2908446
539,Look Who's Talking,296999813,140088813,156911000,01/01/1989,tt0097778
540,Austin Powers in Goldmember,296938801,213307889,83630912,01/01/2002,tt0295178
541,Ghostbusters,296578797,243578797,53000000,01/01/1984,tt0087332
542,Miss Peregrine's Home for Peculiar Children,296482446,87242834,209239612,01/01/2016,tt1935859
543,X-Men,296339528,157299718,139039810,01/01/2000,tt0120903
544,Ferdinand,296069199,84410380,211658819,01/01/2017,tt3411444
545,Shutter Island,294805697,128012934,166792763,01/01/2010,tt1130884
546,Doctor Dolittle,294456605,144156605,150300000,01/01/1998,tt0118998
547,Bee Movie,293514336,126631277,166883059,01/01/2007,tt0389790
548,Salt,293503354,118311368,175191986,01/01/2010,tt0944835
549,G-Force,292817898,119436770,173381128,01/01/2009,tt0436339
550,The Departed,291480452,132399394,159081058,01/01/2006,tt0407887
551,What Lies Beneath,291420351,155464351,135956000,01/01/2000,tt0161081
552,Pacific Rim: Uprising,290930148,59874525,231055623,01/01/2018,tt2557478
553,The Bourne Supremacy,290835269,176241941,114593328,01/01/2004,tt0372183
554,Sex and the City 2,290745055,95347692,195397363,01/01/2010,tt1261945
555,Shakespeare in Love,289317794,100317794,189000000,01/01/1998,tt0138097
556,Divergent,288885818,150947895,137937923,01/01/2014,tt1840309
557,Coming to America,288752301,128152301,160600000,01/01/1988,tt0094898
558,Wedding Crashers,288485135,209273411,79211724,01/01/2005,tt0396269
559,Maze Runner: The Death Cure,288175335,58032443,230142892,01/01/2018,tt4500922
560,Casper,287928194,100328194,187600000,01/01/1995,tt0112642
561,American Pie 2,287553595,145103595,142450000,01/01/2001,tt0252866
562,Pitch Perfect 2,287144079,184296230,102847849,01/01/2015,tt2848292
563,The Green Mile,286801374,136801374,150000000,01/01/1999,tt0120689
564,Oblivion,286168572,89107235,197061337,01/01/2013,tt1483013
565,Elysium,286140700,93050117,193090583,01/01/2013,tt1535108
566,Elvis,286040048,151040048,135000000,01/01/2022,tt3704428
567,Lethal Weapon 4,285444603,130444603,155000000,01/01/1998,tt0122151
568,John Carter,284139100,73078100,211061000,01/01/2012,tt0401729
569,Turbo,282570682,83028128,199542554,01/01/2013,tt1860353
570,Paddington,282377683,76271832,206105851,01/01/2014,tt1109624
571,Bridget Jones's Diary,281995610,71543427,210452183,01/01/2001,tt0243155
572,The Tourist,278780441,67631157,211149284,01/01/2010,tt1243957
573,Split,278454417,138291365,140163052,01/01/2017,tt4972582
574,Scary Movie,278019771,157019771,121000000,01/01/2000,tt0175142
575,xXx,277448382,142109382,135339000,01/01/2002,tt0295701
576,The Bourne Legacy,276144750,113203870,162940880,01/01/2012,tt1194173
577,Mr. Peabody & Sherman,275698039,111506430,164191609,01/01/2014,tt0864835
578,Scooby-Doo,275678613,153322074,122356539,01/01/2002,tt0267913
579,Lincoln,275293450,182207973,93085477,01/01/2012,tt0443272
580,Lara Croft: Tomb Raider,274703340,131168070,143535270,01/01/2001,tt0146316
581,Tomb Raider,274650803,58250803,216400000,01/01/2018,tt1365519
582,The Expendables,274470394,103068524,171401870,01/01/2010,tt1320253
583,Cloudy with a Chance of Meatballs 2,274325949,119793567,154532382,01/01/2013,tt1985966
584,The Nutty Professor,273961019,128814019,145147000,01/01/1996,tt0117218
585,Jerry Maguire,273552592,153952592,119600000,01/01/1996,tt0116695
586,Bad Boys II,273339556,138608444,134731112,01/01/2003,tt0172156
587,Lilo & Stitch,273144151,145794338,127349813,01/01/2002,tt0275847
588,The Silence of the Lambs,272742922,130742922,142000000,01/01/1991,tt0102926
589,Grown Ups,271457301,162001186,109456115,01/01/2010,tt1375670
590,Neighbors,270665134,150157400,120507734,01/01/2014,tt2004420
591,The Firm,270248367,158348367,111900000,01/01/1993,tt0106918
592,We're the Millers,269994119,150394119,119600000,01/01/2012,tt1723121
593,Gran Torino,269958228,148095302,121862926,01/01/2008,tt1205489
594,"10,000 BC",269784201,94784201,175000000,01/01/2008,tt0443649
595,American Gangster,269755430,130164645,139590785,01/01/2007,tt0765429
596,Epic,268426634,107518682,160907952,01/01/2013,tt0848537
597,Exodus: Gods and Kings,268175631,65014513,203161118,01/01/2014,tt1528100
598,Blade Runner 2049,267770708,92071675,175699033,01/01/2017,tt1856101
599,Bambi,267447150,102247150,165200000,01/01/1942,tt0034492
600,The Princess and the Frog,267045765,104400899,162644866,01/01/2009,tt0780521
601,Batman Returns,266915287,162924631,103990656,01/01/1992,tt0103776
602,Indecent Proposal,266614059,106614059,160000000,01/01/1993,tt0107211
603,Something's Gotta Give,265328738,124728738,140600000,01/01/2003,tt0337741
604,Bridget Jones: The Edge of Reason,265126918,40226215,224900703,01/01/2004,tt0317198
605,The Incredible Hulk,264770996,134806913,129964083,01/01/2008,tt0800080
606,Waterworld,264218220,88246220,175972000,01/01/1995,tt0114898
607,The Truman Show,264118201,125618201,138500000,01/01/1998,tt0120382
608,Charlie's Angels,264105545,125305545,138800000,01/01/2000,tt0160127
609,The Fifth Element,263920180,63820180,200100000,01/01/1997,tt0119116
610,Jumanji,262821940,100499940,162322000,01/01/1995,tt0113497
611,Parasite,262676096,53369749,209306347,01/01/2019,tt6751668
612,Borat,262552893,128505958,134046935,01/01/2006,tt0443453
613,Robots,262511490,128200012,134311478,01/01/2005,tt0358082
614,Knight and Day,261989769,76423035,185566734,01/01/2008,tt1013743
615,Total Recall,261317921,119412921,141905000,01/01/1990,tt0100802
616,This Is It,261183588,72091016,189092572,01/01/2009,tt1477715
617,Terminator: Dark Fate,261119292,62253077,198866215,01/01/2019,tt6450804
618,The Lone Ranger,260502115,89302115,171200000,01/01/2013,tt1210819
619,Super 8,260095986,127004179,133091807,01/01/2011,tt1650062
620,Halloween,259939835,159342015,100597820,01/01/2018,tt1502407
621,Mojin: The Lost Legend,259368448,1243810,258124638,01/01/2015,tt4276752
622,Charlie's Angels: Full Throttle,259175788,100830111,158345677,01/01/2003,tt0305357
623,Rush Hour 3,258097122,140125968,117971154,01/01/2007,tt0293564
624,The Full Monty,257938649,45950122,211988527,01/01/1997,tt0119164
625,Kung Fu Yoga,257753889,362657,257391232,01/01/2017,tt4217392
626,Annabelle,257589721,84284252,173305469,01/01/2014,tt3322940
627,Encanto,256786742,96093622,160693120,01/01/2021,tt2953050
628,The Village,256697520,114197520,142500000,01/01/2003,tt0368447
629,Lost in Hong Kong,256283912,1302281,254981631,01/01/2015,tt4242158
630,Erin Brockovich,256271286,125595205,130676081,01/01/2000,tt0195685
631,Us,256067149,175084580,80982569,01/01/2019,tt6857112
632,Pegasus,255863112,0,255863112,01/01/2019,tt9597190
633,Get Out,255745157,176196665,79548492,01/01/2016,tt5052448
634,Marley & Me,255743093,143153751,112589342,01/01/2008,tt0822832
635,Cliffhanger,255000211,84049211,170951000,01/01/1993,tt0106582
636,Baahubali 2: The Conclusion,254158390,20186659,233971731,01/01/2017,tt4849438
637,Babe,254134910,63658910,190476000,01/01/1995,tt0112431
638,Men in Black: International,253890701,80001807,173888894,01/01/2019,tt2283336
639,Wild Hogs,253625427,168273550,85351877,01/01/2007,tt0486946
640,High School Musical 3: Senior Year,252909177,90559416,162349761,01/01/2008,tt0962726
641,Hercules,252712101,99112101,153600000,01/01/1997,tt0119282
642,X-Men: Dark Phoenix,252442974,65845974,186597000,01/01/2019,tt6565702
643,True Grit,252276927,171243005,81033922,01/01/2010,tt1403865
644,Dolittle,251410631,77047065,174363566,01/01/2020,tt6673612
645,Bean,251212670,45319423,205893247,01/01/1997,tt0118689
646,American Hustle,251171807,150117807,101054000,01/01/2013,tt1800241
647,Enemy of the State,250849789,111549836,139299953,01/01/1998,tt0120660
648,You've Got Mail,250821495,115821495,135000000,01/01/1998,tt0128853
649,Eragon,250425512,75030163,175395349,01/01/2006,tt0449010
650,Brother Bear,250397798,85336277,165061521,01/01/2003,tt0328880
651,The Godfather,250341816,136381073,113960743,01/01/1972,tt0068646
652,The Mask of Zorro,250288523,94095523,156193000,01/01/1998,tt0120746
653,The Bad Guys,250162278,97233630,152928648,01/01/2022,tt8115900
654,The Ring,249348933,129128133,120220800,01/01/2002,tt0298130
655,The Blair Witch Project,248639099,140539099,108100000,01/01/1999,tt0185937
656,Unbreakable,248118121,95011339,153106782,01/01/2000,tt0217869
657,Journey to the West: The Demons Strike Back,247585244,880346,246704898,01/01/2017,tt5273624
658,Dumb and Dumber,247290327,127190327,120100000,01/01/1994,tt0109686
659,Love Actually,247248468,59696144,187552324,01/01/2003,tt0314331
660,Glass,246999039,111048468,135950571,01/01/2019,tt6823368
661,Grown Ups 2,246984278,133668525,113315753,01/01/2013,tt2191701
662,The Peanuts Movie,246233113,130178411,116054702,01/01/2015,tt2452042
663,Rango,245724603,123477607,122246996,01/01/2011,tt1192628
664,Four Weddings and a Funeral,245700832,52700832,193000000,01/01/1994,tt0109831
665,Face/Off,245676146,112276146,133400000,01/01/1997,tt0119094
666,Teenage Mutant Ninja Turtles: Out of the Shadows,245623848,82051601,163572247,01/01/2016,tt3949660
667,Dark Shadows,245527149,79727149,165800000,01/01/2012,tt1077368
668,Hulk,245285165,132177234,113107931,01/01/2003,tt0286716
669,The Bravest,245179562,290217,244889345,01/01/2019,tt10218674
670,Welcome to the Sticks,245144417,0,245144417,01/01/2008,tt1064932
671,Back to the Future Part III,245077583,88277583,156800000,01/01/1990,tt0099088
672,Pixels,244874809,78747585,166127224,01/01/2015,tt2120120
673,Hercules,244819862,72688614,172131248,01/01/2014,tt1267297
674,Rush Hour,244721064,141186864,103534200,01/01/1998,tt0120812
675,Journey to the Center of the Earth,244232688,101704370,142528318,01/01/2008,tt0373051
676,After Earth,243611982,60522097,183089885,01/01/2013,tt1815862
677,A Few Good Men,243240178,141340178,101900000,01/01/1992,tt0104257
678,Cloudy with a Chance of Meatballs,243006126,124870275,118135851,01/01/2009,tt0844471
679,8 Mile,242875078,116750901,126124177,01/01/2002,tt0298203
680,Daddy's Home,242786137,150357137,92429000,01/01/2015,tt1528854
681,RoboCop,242688965,58607007,184081958,01/01/2014,tt1234721
682,Eraser,242295562,101295562,141000000,01/01/1996,tt0116213
683,Alien: Covenant,240891763,74262031,166629732,01/01/2017,tt2316204
684,Sully,240797623,125070033,115727590,01/01/2016,tt3263904
685,Assassin's Creed,240697856,54647948,186049908,01/01/2016,tt2094766
686,Click,240685326,137355633,103329693,01/01/2006,tt0389860
687,Legend of Deification,240646355,214670,240431685,01/01/2020,tt11177804
688,Resident Evil: Retribution,240159255,42345531,197813724,01/01/2012,tt1855325
689,Die Hard 2,240031274,117540947,122490327,01/01/1990,tt0099423
690,Crocodile Dundee II,239606210,109306210,130300000,01/01/1988,tt0092493
691,Bullet Train,239268602,103368602,135900000,01/01/2022,tt12593682
692,Planes,239258712,90288712,148970000,01/01/2013,tt1691917
693,Crazy Rich Asians,238843729,174837452,64006277,01/01/2018,tt3104988
694,Batman & Robin,238235719,107353792,130881927,01/01/1997,tt0118688
695,Howl's Moving Castle,237536126,6789268,230746858,01/01/2004,tt0347149
696,Gulliver's Travels,237382724,42779261,194603463,01/01/2010,tt1320261
697,Gone in 60 Seconds,237202299,101648571,135553728,01/01/2000,tt0187078
698,Saturday Night Fever,237113184,94213184,142900000,01/01/1977,tt0076666
699,Silver Linings Playbook,236412453,132092958,104319495,01/01/2012,tt1045658
700,2 Fast 2 Furious,236350661,127154901,109195760,01/01/2003,tt0322259
701,Hidden Figures,235956898,169607287,66349611,01/01/2016,tt4846340
702,A.I. Artificial Intelligence,235926552,78616689,157309863,01/01/2001,tt0212720
703,Dead Poets Society,235860116,95860116,140000000,01/01/1989,tt0097165
704,Spy,235666219,110825712,124840507,01/01/2015,tt3079380
705,American Pie,235483004,102561004,132922000,01/01/1999,tt0163651
706,American Reunion,234989584,57011521,177978063,01/01/2012,tt1605630
707,Big Daddy,234801895,163479795,71322100,01/01/1999,tt0142342
708,Alvin and the Chipmunks: The Road Chip,234798636,85886987,148911649,01/01/2015,tt2974918
709,The Imitation Game,233555708,91125683,142430025,01/01/2014,tt2084970
710,Cruella,233503234,86103234,147400000,01/01/2021,tt3228774
711,The Day the Earth Stood Still,233093859,79366978,153726881,01/01/2008,tt0970416
712,American Wedding,232722935,104565114,128157821,01/01/2003,tt0328828
713,The Girl with the Dragon Tattoo,232617430,102515793,130101637,01/01/2011,tt1568346
714,Juno,232372681,143495265,88877416,01/01/2007,tt0467406
715,Argo,232325503,136025503,96300000,01/01/2012,tt1024648
716,Mr. Bean's Holiday,232225908,33302167,198923741,01/01/2007,tt0453451
717,The English Patient,231976425,78676425,153300000,01/01/1996,tt0116209
718,Sister Act,231605150,139605150,92000000,01/01/1992,tt0105417
719,Annabelle Comes Home,231252591,74152591,157100000,01/01/2019,tt8350360
720,Constantine,230884728,75976178,154908550,01/01/2005,tt0360486
721,Get Smart,230685453,130319208,100366245,01/01/2008,tt0425061
722,Space Jam,230594962,90594962,140000000,01/01/1996,tt0117705
723,Life Is Beautiful,230098753,57563264,172535489,01/01/1998,tt0118799
724,The Heat,229930771,159582188,70348583,01/01/2013,tt2404463
725,Ghostbusters,229147509,128350574,100796935,01/01/2016,tt1289401
726,Ghost Rider,228738393,115802596,112935797,01/01/2007,tt0259324
727,Goodbye Mr. Loser,228122928,1293626,226829302,01/01/2015,tt5061814
728,Paddington 2,227994792,40907738,187087054,01/01/2017,tt4468740
729,Sleepless in Seattle,227927165,126808165,101119000,01/01/1993,tt0108160
730,Lethal Weapon 2,227853986,147253986,80600000,01/01/1989,tt0097733
731,The Green Hornet,227817248,98780042,129037206,01/01/2011,tt0990407
732,Out of Africa,227514205,87071205,140443000,01/01/1985,tt0089755
733,Youth,227091290,1891956,225199334,01/01/2017,tt6654316
734,Baby Driver,226945087,107825862,119119225,01/01/2017,tt3890160
735,Immortals,226904017,83504017,143400000,01/01/2011,tt1253864
736,Taken,226837760,145000989,81836771,01/01/2008,tt0936501
737,Percy Jackson & the Olympians: The Lightning Thief,226497209,88768303,137728906,01/01/2010,tt0814255
738,Lightyear,226425420,118307188,108118232,01/01/2022,tt10298810
739,Hansel & Gretel: Witch Hunters,226349749,55703475,170646274,01/01/2013,tt1428538
740,Elf,226268933,177874109,48394824,01/01/2003,tt0319343
741,Valerian and the City of a Thousand Planets,225973340,41189488,184783852,01/01/2017,tt2239822
742,Good Will Hunting,225933435,138433435,87500000,01/01/1997,tt0119217
743,Better Days,225918798,1921657,223997141,01/01/2019,tt9586294
744,Ford v Ferrari,225508210,117624357,107883853,01/01/2019,tt1950186
745,Jumper,225132113,80172128,144959985,01/01/2008,tt0489099
746,The Social Network,224920375,96962694,127957681,01/01/2010,tt1285016
747,Chicken Run,224874811,106834564,118040247,01/01/2000,tt0120630
748,Con Air,224012234,101117573,122894661,01/01/1997,tt0118880
749,Interview with the Vampire: The Vampire Chronicles,223664608,105264608,118400000,01/01/1994,tt0110148
750,Flightplan,223387299,89707299,133680000,01/01/2005,tt0408790
751,Yes Man,223241637,97690976,125550661,01/01/2008,tt1068680
752,Non-Stop,222809600,92168600,130641000,01/01/2014,tt2024469
753,"Honey, I Shrunk the Kids",222724172,130724172,92000000,01/01/1989,tt0097523
754,Fahrenheit 9/11,222446882,119194771,103252111,01/01/2004,tt0361596
755,Wild Wild West,222104681,113804681,108300000,01/01/1999,tt0120891
756,"My Country, My Parents",221831086,177133,221653953,01/01/2021,tt15465312
757,Geostorm,221600160,33700160,187900000,01/01/2017,tt1981128
758,Presumed Innocent,221303188,86303188,135000000,01/01/1990,tt0100404
759,Jungle Cruise,220889446,116987516,103901930,01/01/2021,tt0870154
760,Scary Movie 3,220673217,110003217,110670000,01/01/2003,tt0306047
761,Collateral,220239925,101005703,119234222,01/01/2004,tt0369339
762,Inferno,220021259,34343574,185677685,01/01/2016,tt3062096
763,Knocked Up,219922417,148768917,71153500,01/01/2007,tt0478311
764,Green Lantern,219851172,116601172,103250000,01/01/2011,tt1133985
765,What Happens in Vegas,219375562,80277646,139097916,01/01/2008,tt1033643
766,It's Complicated,219103655,112735375,106368280,01/01/2009,tt1230414
767,The Terminal,219100084,77872883,141227201,01/01/2004,tt0362227
768,Little Women,218843645,108101214,110742431,01/01/2019,tt3281548
769,Captain Phillips,218791811,107100855,111690956,01/01/2013,tt1535109
770,The Prince of Egypt,218613188,101413188,117200000,01/01/1998,tt0120794
771,Jack Reacher,218340595,80070736,138269859,01/01/2012,tt0790724
772,Kingdom of Heaven,218122627,47398413,170724214,01/01/2005,tt0320661
773,The Emoji Movie,217776646,86089513,131687133,01/01/2017,tt4877122
774,Too Cool to Kill,217254604,185882,217068722,01/01/2022,tt16254308
775,Dracula Untold,217124280,56280355,160843925,01/01/2014,tt0829150
776,Central Intelligence,216972543,127440871,89531672,01/01/2016,tt1489889
777,Million Dollar Baby,216763646,100492203,116271443,01/01/2004,tt0405159
778,The Help,216639112,169708112,46931000,01/01/2011,tt1454029
779,Twins,216614388,111938388,104676000,01/01/1988,tt0096320
780,Valentine's Day,216528528,110528528,106000000,01/01/2010,tt0817230
781,Bad Teacher,216197492,100292856,115904636,01/01/2011,tt1284575
782,Smile,216135048,105935048,110200000,01/01/2022,tt15474916
783,A Little Red Flower,216000000,0,216000000,01/01/2020,tt12497408
784,The Croods: A New Age,215905815,58568815,157337000,01/01/2020,tt2850386
785,Clear and Present Danger,215887717,122187717,93700000,01/01/1994,tt0109444
786,One Hundred and One Dalmatians,215880014,144880014,71000000,01/01/1961,tt0055254
787,Ted 2,215863606,81476385,134387221,01/01/2015,tt2637276
788,Dracula,215862692,82522790,133339902,01/01/1992,tt0103874
789,Vertical Limit,215663859,69243859,146420000,01/01/2000,tt0190865
790,Ghostbusters II,215394738,112494738,102900000,01/01/1989,tt0097428
791,The Patriot,215294342,113330342,101964000,01/01/2000,tt0187393
792,The Sorcerer's Apprentice,215283742,63150991,152132751,01/01/2010,tt0963966
793,Just Go with It,214945591,103028109,111917482,01/01/2011,tt1564367
794,The Expendables 3,214657577,39322544,175335033,01/01/2014,tt2333784
795,Dirty Dancing,214577242,64577242,150000000,01/01/1987,tt0092890
796,Creed II,214215889,115715889,98500000,01/01/2018,tt6343314
797,Smallfoot,214115531,83315531,130800000,01/01/2018,tt6182908
798,Public Enemies,214104620,97104620,117000000,01/01/2009,tt1152836
799,The Bourne Identity,214034224,121661683,92372541,01/01/2002,tt0258463
800,Disclosure,214015089,83015089,131000000,01/01/1994,tt0109635
801,Pulp Fiction,213928762,107928762,106000000,01/01/1994,tt0110912
802,The Aviator,213719942,102610330,111109612,01/01/2004,tt0338751
803,"Crouching Tiger, Hidden Dragon",213525736,128078872,85446864,01/01/2000,tt0190332
804,Braveheart,213216216,75609945,137606271,01/01/1995,tt0112573
805,Into the Woods,212902372,128002372,84900000,01/01/2014,tt2180411
806,Bedtime Stories,212874864,110101975,102772889,01/01/2008,tt0960731
807,Miss Congeniality,212742720,106807667,105935053,01/01/2000,tt0212346
808,Entrapment,212404396,87704396,124700000,01/01/1999,tt0137494
809,Ace Ventura: When Nature Calls,212385533,108385533,104000000,01/01/1995,tt0112281
810,End of Days,211989043,66889043,145100000,01/01/1999,tt0146675
811,Bridget Jones's Baby,211952420,24252420,187700000,01/01/2016,tt1473832
812,Fury,211822697,85817906,126004791,01/01/2014,tt2713180
813,Battle Los Angeles,211819354,83552429,128266925,01/01/2011,tt1217613
814,Australia,211787511,49554002,162233509,01/01/2008,tt0455824
815,Due Date,211780824,100539043,111241781,01/01/2010,tt1231583
816,Master and Commander: The Far Side of the World,211622535,93927920,117694615,01/01/2003,tt0311113
817,A Series of Unfortunate Events,211468235,118634549,92833686,01/01/2004,tt0339291
818,The Little Mermaid,211343479,111543479,99800000,01/01/1989,tt0097757
819,Nice View,211019042,0,211019042,01/01/2022,tt15783462
820,District 9,210888950,115646235,95242715,01/01/2009,tt1136608
821,Moonraker,210308099,70308099,140000000,01/01/1979,tt0079574
822,The Others,209947037,96522687,113424350,01/01/2001,tt0230600
823,Horrible Bosses,209838559,117538559,92300000,01/01/2011,tt1499658
824,Us and Them,209221380,0,209221380,01/01/2018,tt8033592
825,Red Dragon,209196298,93149898,116046400,01/01/2002,tt0289765
826,Tomorrowland,209035668,93436322,115599346,01/01/2015,tt1964418
827,Me Before You,208314186,56245075,152069111,01/01/2016,tt2674426
828,Safe House,208076205,126373434,81702771,01/01/2012,tt1599348
829,S.W.A.T.,207725639,116934650,90790989,01/01/2003,tt0257076
830,The Fast and the Furious,207517509,144745925,62771584,01/01/2001,tt0232500
831,Traffic,207515725,124115725,83400000,01/01/2000,tt0181865
832,Paranormal Activity 3,207039844,104028807,103011037,01/01/2011,tt1778304
833,Philadelphia,206678440,77446440,129232000,01/01/1993,tt0107818
834,The Conjuring: The Devil Made Me Do It,206401480,65631050,140770430,01/01/2021,tt7069210
835,Sleepy Hollow,206071502,101071502,105000000,01/01/1999,tt0162661
836,The Holiday,205850134,63224849,142625285,01/01/2006,tt0457939
837,The Jungle Book,205843612,141843612,64000000,01/01/1967,tt0061852
838,Raging Fire,205842393,385305,205457088,01/01/2021,tt8165192
839,London Has Fallen,205754447,62524260,143230187,01/01/2016,tt3300542
840,The Break-Up,205668210,118703275,86964935,01/01/2006,tt0452594
841,Journey to the West,205637183,18058,205619125,01/01/2013,tt2017561
842,The Ugly Truth,205599393,88915214,116684179,01/01/2009,tt1142988
843,JFK,205405498,70405498,135000000,01/01/1991,tt0102138
844,White House Down,205366737,73103784,132262953,01/01/2013,tt2334879
845,Birds of Prey,205322941,84172791,121150150,01/01/2020,tt7713068
846,A Dog's Purpose,205035819,64508620,140527199,01/01/2017,tt1753383
847,Ponyo,204826668,15743471,189083197,01/01/2008,tt0876563
848,Fun with Dick and Jane,204681899,110332737,94349162,01/01/2005,tt0369441
849,Eat Pray Love,204594016,80574010,124020006,01/01/2010,tt0879870
850,The Addams Family,204394183,100723831,103670352,01/01/2019,tt1620981
851,Ghostbusters: Afterlife,204334455,129360575,74973880,01/01/2021,tt4513678
852,You Don't Mess with the Zohan,204313400,100018837,104294563,01/01/2008,tt0960144
853,DC League of Super-Pets,203857117,93657117,110200000,01/01/2022,tt8912936
854,Hairspray,203627753,118946291,84681462,01/01/2007,tt0427327
855,King Arthur,203567857,51882244,151685613,01/01/2004,tt0349683
856,Yogi Bear,203509374,100246011,103263363,01/01/2010,tt1302067
857,Everest,203427584,43482270,159945314,01/01/2015,tt2719848
858,Vanilla Sky,203388341,100618344,102769997,01/01/2001,tt0259711
859,Arrival,203388186,100546139,102842047,01/01/2016,tt2543164
860,Need for Speed,203277636,43577636,159700000,01/01/2014,tt2369135
861,Garfield,203172417,75369589,127802828,01/01/2004,tt0356634
862,Patch Adams,202292902,135026902,67266000,01/01/1998,tt0129290
863,Teenage Mutant Ninja Turtles,202084756,135384756,66700000,01/01/1990,tt0100758
864,Kindergarten Cop,201957688,91457688,110500000,01/01/1990,tt0099938
865,Straight Outta Compton,201634991,161197785,40437206,01/01/2015,tt1398426
866,21 Jump Street,201585328,138447667,63137661,01/01/2012,tt1232829
867,Valkyrie,201545517,83077833,118467684,01/01/2008,tt0985699
868,Open Season,200811689,85105259,115706430,01/01/2006,tt0400717
869,Cats & Dogs,200687492,93385515,107301977,01/01/2001,tt0239395
870,The Hunt for Red October,200512643,122012643,78500000,01/01/1990,tt0099810
871,Percy Jackson: Sea of Monsters,199850315,68559554,131290761,01/01/2013,tt1854564
872,Two Weeks Notice,199043471,93354851,105688620,01/01/2002,tt0313737
873,RED,199006387,90380162,108626225,01/01/2010,tt1245526
874,Shock Wave 2,198921659,0,198921659,01/01/2020,tt9597838
875,City of Angels,198685114,78685114,120000000,01/01/1998,tt0120632
876,The Pacifier,198636868,113086868,85550000,01/01/2005,tt0395699
877,50 First Dates,198520934,120908074,77612860,01/01/2004,tt0343660
878,Total Recall,198467168,58877969,139589199,01/01/2012,tt1386703
879,The Island,198326350,670883,197655467,01/01/2018,tt8755316
880,The Impossible,198087212,19019882,179067330,01/01/2012,tt1649419
881,Lost in Thailand,197757387,57387,197700000,01/01/2012,tt2459022
882,Christopher Robin,197744377,99215042,98529335,01/01/2018,tt4575576
883,Jack the Giant Slayer,197687603,65187603,132500000,01/01/2013,tt1351685
884,Smurfs: The Lost Village,197183546,45020282,152163264,01/01/2017,tt2398241
885,Chinese Doctors,197143218,0,197143218,01/01/2021,tt13696296
886,Spy Kids 3: Game Over,197101678,111761982,85339696,01/01/2003,tt0338459
887,Panic Room,197079546,96397334,100682212,01/01/2002,tt0258000
888,The Other Woman,196710396,83911193,112799203,01/01/2014,tt2203939
889,Stargate,196567262,71567262,125000000,01/01/1994,tt0111282
890,Beowulf,196393745,82280579,114113166,01/01/2007,tt0442933
891,The Vow,196114570,125014030,71100540,01/01/2012,tt1606389
892,Anger Management,195745823,135645823,60100000,01/01/2003,tt0305224
893,Tropic Thunder,195702963,110515313,85187650,01/01/2008,tt0942385
894,The Shape of Water,195333312,63859435,131473877,01/01/2017,tt5580390
895,Rocketman,195320400,96368160,98952240,01/01/2019,tt2066051
896,The Pelican Brief,195268056,100768056,94500000,01/01/1993,tt0107798
897,The BFG,195243411,55483770,139759641,01/01/2016,tt3691740
898,Downton Abbey,194694725,96853865,97840860,01/01/2019,tt6398184
899,The Intern,194564672,75764672,118800000,01/01/2015,tt2361509
900,Wallace & Gromit: The Curse of the Were-Rabbit,194137091,56110897,138026194,01/01/2005,tt0312004
901,Gnomeo & Juliet,193967670,99967670,94000000,01/01/2011,tt0377981
902,The Sum of All Fears,193921372,118907036,75014336,01/01/2002,tt0164184
903,Gangs of New York,193772504,77812000,115960504,01/01/2002,tt0217505
904,The Monkey King 2,193678298,709982,192968316,01/01/2016,tt4591310
905,Paranormal Activity,193355800,107918810,85436990,01/01/2009,tt1179904
906,Weathering with You,193353305,8056636,185296669,01/01/2019,tt9426210
907,The Lego Movie 2: The Second Part,192456290,105956290,86500000,01/01/2019,tt3513498
908,The Equalizer,192330738,101530738,90800000,01/01/2014,tt0455944
909,Sheep Without a Shepherd,191602146,0,191602146,01/01/2019,tt11210032
910,The Addams Family,191502426,113502426,78000000,01/01/1991,tt0101272
911,The Longest Yard,191466556,158119460,33347096,01/01/2005,tt0398165
912,The Lost City,190844029,105344029,85500000,01/01/2022,tt13320622
913,The Santa Clause,190539357,145539357,45000000,01/01/1994,tt0111070
914,Cheaper by the Dozen,190538630,138614544,51924086,01/01/2003,tt0349205
915,Abominable,190514622,61270390,129244232,01/01/2019,tt6324278
916,The Equalizer 2,190400157,102084362,88315795,01/01/2018,tt3766354
917,Hollow Man,190213455,73209340,117004115,01/01/2000,tt0164052
918,Outbreak,189859560,67659560,122200000,01/01/1995,tt0114069
919,The White Storm 2: Drug Lords,189396380,609461,188786919,01/01/2019,tt8239806
920,The X Files,189176423,83898313,105278110,01/01/1998,tt0120902
921,Breakup Buddies,189017596,777896,188239700,01/01/2014,tt3890264
922,Rambo III,189015611,53715611,135300000,01/01/1988,tt0095956
923,The Secret Life of Walter Mitty,188133322,58236838,129896484,01/01/2013,tt0359950
924,Project Gutenberg,188116796,0,188116796,01/01/2018,tt7183578
925,Jaws 2,187884007,81766007,106118000,01/01/1978,tt0077766
926,The Post,187795262,81903458,105891804,01/01/2017,tt6294822
927,12 Years a Slave,187733202,56671993,131061209,01/01/2013,tt2024544
928,Heat,187436818,67436818,120000000,01/01/1995,tt0113277
929,Mr. Popper's Penguins,187361754,68224452,119137302,01/01/2011,tt1396218
930,The Grudge,187281115,110359362,76921753,01/01/2004,tt0391198
931,I Now Pronounce You Chuck & Larry,187134117,120059556,67074561,01/01/2007,tt0762107
932,The Horse Whisperer,186883563,75383563,111500000,01/01/1998,tt0119314
933,Walk the Line,186797986,119519402,67278584,01/01/2005,tt0358273
934,Jian Bing Man,186699768,0,186699768,01/01/2015,tt4818250
935,The Jungle Book 2,186303759,47901582,138402177,01/01/2003,tt0283426
936,The Final Destination,186167139,66477700,119689439,01/01/2009,tt1144884
937,Atlantis: The Lost Empire,186053725,84056472,101997253,01/01/2001,tt0230011
938,Inside Man,186003591,88513495,97490096,01/01/2006,tt0454848
939,The Waterboy,185991646,161491646,24500000,01/01/1998,tt0120484
940,Hugo,185770310,73864507,111905803,01/01/2011,tt0970179
941,Pitch Perfect 3,185400345,104897530,80502815,01/01/2017,tt4765284
942,Watchmen,185382813,107509799,77873014,01/01/2009,tt0409459
943,The Birdcage,185260553,124060553,61200000,01/01/1996,tt0115685
944,Moulin Rouge!,184935320,57386607,127548713,01/01/2001,tt0203009
945,Snow White and the Seven Dwarfs,184925486,184925486,0,01/01/1937,tt0029583
946,Hop,184367145,108498305,75868840,01/01/2011,tt1411704
947,Bad Moms,183936074,113257297,70678777,01/01/2016,tt4651520
948,Jupiter Ascending,183887723,47387723,136500000,01/01/2015,tt1617661
949,Knowing,183658498,79957634,103700864,01/01/2007,tt0448011
950,102 Dalmatians,183611771,66957026,116654745,01/01/2000,tt0211181
951,Storks,183510278,72800603,110709675,01/01/2016,tt4624424
952,Stand by Me Doraemon,183442714,0,183442714,01/01/2014,tt3331846
953,The Hitman's Bodyguard,183428689,75468583,107960106,01/01/2017,tt1959563
954,Paul Blart: Mall Cop,183348429,146336178,37012251,01/01/2009,tt1114740
955,Wayne's World,183097323,121697323,61400000,01/01/1992,tt0105793
956,Maverick,183031272,101631272,81400000,01/01/1994,tt0110478
957,Mirror Mirror,183018522,64935167,118083355,01/01/2012,tt1667353
958,The Man in the Iron Mask,182968902,56968902,126000000,01/01/1998,tt0120744
959,Cape Fear,182291969,79091969,103200000,01/01/1991,tt0101540
960,The Haunted Mansion,182290266,75847266,106443000,01/01/2003,tt0338094
961,The Monkey King Havoc in Heavens Palace,182206924,0,182206924,01/01/2014,tt1717715
962,While You Were Sleeping,182057016,81057016,101000000,01/01/1995,tt0114924
963,The Bridges of Madison County,182016617,71516617,110500000,01/01/1995,tt0112579
964,From Vegas to Macau III,181732879,0,181732879,01/01/2016,tt5237980
965,Poseidon,181674817,60674817,121000000,01/01/2006,tt0409182
966,The First Wives Club,181489203,105489203,76000000,01/01/1996,tt0116313
967,Cliff Walkers,181325565,152972,181172593,01/01/2021,tt11448076
968,Scooby-Doo 2: Monsters Unleashed,181239132,84239132,97000000,01/01/2004,tt0331632
969,Hot Shots!,181096164,69467617,111628547,01/01/1991,tt0102059
970,Road to Perdition,181001478,104454762,76546716,01/01/2002,tt0257044
971,Kill Bill: Vol. 1,180906076,70099045,110807031,01/01/2003,tt0266697
972,The Scorpion King,180630907,91047077,89583830,01/01/2002,tt0277296
973,Sweet Home Alabama,180622424,127223418,53399006,01/01/2002,tt0256415
974,Daddy's Home 2,180613824,104029443,76584381,01/01/2017,tt5657846
975,Hacksaw Ridge,180563636,67209615,113354021,01/01/2016,tt2119532
976,Deja Vu,180557550,64038616,116518934,01/01/2006,tt0453467
977,Dangerous Minds,179519401,84919401,94600000,01/01/1995,tt0112792
978,The Dictator,179379533,59650222,119729311,01/01/2012,tt1645170
979,The League of Extraordinary Gentlemen,179265204,66465204,112800000,01/01/2003,tt0311429
980,Allegiant,179246868,66184051,113062817,01/01/2016,tt3410834
981,Daredevil,179179718,102543518,76636200,01/01/2003,tt0287978
982,City Slickers,179033791,124033791,55000000,01/01/1991,tt0101587
983,He's Just Not That Into You,178866158,93953653,84912505,01/01/2009,tt1001508
984,Eagle Eye,178767383,101440743,77326640,01/01/2008,tt1059786
985,Along Came Polly,178311729,88097164,90214565,01/01/2004,tt0343135
986,Flushed Away,178281554,64665672,113615882,01/01/2006,tt0424095
987,Scary Movie 4,178262620,90710620,87552000,01/01/2006,tt0362120
988,Dante's Peak,178127760,67127760,111000000,01/01/1997,tt0118928
989,Brokeback Mountain,178062759,83043761,95018998,01/01/2005,tt0388795
990,Patriot Games,178051587,83351587,94700000,01/01/1992,tt0105112
991,Flubber,177977226,92977226,85000000,01/01/1997,tt0119137
992,Baywatch,177856751,58060186,119796565,01/01/2017,tt1469304
993,Double Jeopardy,177841558,116741558,61100000,01/01/1999,tt0150377
994,War Horse,177584879,79884879,97700000,01/01/2011,tt1568911
995,Paranormal Activity 2,177512032,84752907,92759125,01/01/2010,tt1536044
996,How to Lose a Guy in 10 Days,177502387,105813373,71689014,01/01/2003,tt0251127
997,Alien vs. Predator,177427090,80282231,97144859,01/01/2004,tt0370263
998,Hero,177395557,53710019,123685538,01/01/2002,tt0299977
999,The 40-Year-Old Virgin,177378645,109449237,67929408,01/01/2005,tt0405422
1000,The Butler,177313795,116632095,60681700,01/01/2013,tt1327773
